university_name,university_id,university_parent_id,university_short_name,university_name_en,is_from_crimea,registration_year,university_edrpou,university_type_name,university_financing_type_name,university_governance_type_name,post_index,koatuu_id,region_name,koatuu_name,university_address,post_index_u,koatuu_id_u,region_name_u,koatuu_name_u,university_address_u,university_phone,university_email,university_site,university_director_post,university_director_fio,close_date,primitki
Академія зовнішньої розвідки України,3854,,AЗРУ,The Academy of the Foreign Intelligence of Ukraine,,2000,35333276,Заклад вищої освіти,Державна,,04053,8039100000,КИЇВ,Київ,"вул. Бульварно-Кудрявська, 11",04053,8039100000,КИЇВ,Київ,"вул. Бульварно-Кудрявська, 11",(044) 272-20-68,head_nnc@szru.gov.ua,,Ректор,Кононенко Олександр Валентинович,,
"Академія праці, соціальних відносин і туризму",53,,АПСВТ,"Academy of Labour, Social Relations and Tourism",,1993,04641405,Заклад вищої освіти,Приватна,,03187,8000000000,КИЇВ,Київ,"вул. Кільцева дорога, 3-А",03187,8000000000,КИЇВ,Київ,"вул. Кільцева дорога, 3-А",+38(044) 522-49-40,info@socosvita.kiev.ua,http://www. socosvita.kiev.ua,В.о. ректора,Сухомлин Віктор Борисович,,
"Вищий навчальний заклад Інститут дизайну, архітектури та журналістики (у формі товариства з обмеженою відповідальністю)",1319,,"Вищий навчальний заклад ""Інститут дизайну, архітектури та журналістики""","Higher educational institution “Institute of Design, Architecture and Journalism ”(in the form of limited liability company)",,2000,32594570,Заклад вищої освіти,Приватна,,03039,8038500000,КИЇВ,Київ,"вул. Фрометівська, 2",03039,8038500000,КИЇВ,Київ,"вул. Фрометівська, 2",+380(44)-496-97-60,fb.mail.ir@gmail.com,www.ir.edu.ua,В. о. директора,Бойко Світлана Станіславівна,2022-04-21,"Увага! З дати блокування суб'єкта освітньої діяльності в ЄДЕБО інформація про нього не підтримується в повному, актуальному та достовірному стані"
"Вищий навчальний заклад ""Київська Академія перукарського мистецтва""",865,,"ВНЗ ""КАПМ""","Higher educational institution ""Kyiv Academy of hairdressing art""",,2002,26199252,Заклад вищої освіти,Приватна,,03067,8038900000,КИЇВ,Київ,"вул. Виборзька, 86",03067,8038900000,КИЇВ,Київ,"вул. Виборзька, 86",0444555672,kapm@ukr.net,www.kapi.com.ua,ректор,Лубянська Світлана Павлівна,2022-05-02,"Увага! З дати блокування суб'єкта освітньої діяльності в ЄДЕБО інформація про нього не підтримується в повному, актуальному та достовірному стані"
"Вищий навчальний заклад ""Київський економічний інститут менеджменту"" у формі Товариства з обмеженою відповідальністю",251,,КЕІМ,"Higher Educational Institution ""Kyiv Economic Institute of Management"" Limited company",,1992,16459143,Заклад вищої освіти,Приватна,,03005,8038900000,КИЇВ,Київ,"вул. Смоленська, 31-33",03005,8038900000,КИЇВ,Київ,"вул. Смоленська, 31-33",(044) 456-88-02 (044) 456-72-64,keimkiev@ukr.net,http://ecoman-university.kiev.ua/,Ректор,Рожок Володимир Давидович,,
"Вищий навчальний заклад ""Київський університет ринкових відносин"" у формі товариства з обмеженою відповідальністю",866,,ВНЗ КУРО,Kyiv University for Market Relations,,1990,02030494,Заклад вищої освіти,Приватна,,02152,8036600000,КИЇВ,Київ,"вул. Березняківська, 26-Б",02152,8036600000,КИЇВ,Київ,"вул. Березняківська, 26-Б",553-66-07,rectorat@kumr.edu.ua,kumr.edu.ua,Ректор,Черевань Ірина Вікторівна,,
"Вищий навчальний заклад ""Університет економіки та права ""КРОК""",318,,"Університет ""КРОК""","""KROK"" University",,1992,04635922,Заклад вищої освіти,Приватна,,03113,8039100000,КИЇВ,Київ,"вул. Табірна, 30-32",03113,8039100000,КИЇВ,Київ,"вул. Табірна, 30-32","(044) 455 56 66, 456 84 28",krok@krok.edu.ua,http://krok.edu.ua,Ректор,Лаптєв Сергій Михайлович,,
"Відокремлений структурний підрозділ ""Інститут інноваційної освіти Київського національного університету будівництва і архітектури""",2118,127,"ВСП ""ІІНО КНУБА""","Separate structural unit ""Institute of Innovative Education of Kyiv National University of Construction and Architecture""",,1990,38639433,Заклад вищої освіти,Державна,Міністерство освіти і науки України,03037,8038900000,КИЇВ,Київ,"вул. Освіти, 4",03037,8038900000,КИЇВ,Київ,"вул. Освіти, 4",(044) 2752056,mail.iino@knuba.edu.ua,https://iino.knuba.edu.ua/,Директор,Петроченко Олексій Вячеславович,,
"Відокремлений структурний підрозділ ""Київський фаховий коледж міського господарства Таврійського національного університету імені В.І. Вернадського""",3928,892,"ВСП ""КФКМГ ТНУ ім. В.І.Вернадського""",SEPARATE STRUCTURAL SUBDIVISION «KYIV PROFESSIONAL COLLEGE MUNICIPAL SERVICE V. I. VERNADSKY TAURIDA NATIONAL UNIVERSITY»,так,2000,41120203,Заклад вищої освіти,Державна,Міністерство освіти і науки України,01042,8038200000,КИЇВ,Київ,"вул. Івана Кудрі, 33",01042,8038200000,КИЇВ,Київ,"вул. Івана Кудрі, 33",044 529 02 06,koledg@tnu.edu.ua,kkmg.amu.edu.ua,Директор,Романова Маргарита Іванівна,,
"Відокремлений структурний підрозділ ""Фаховий коледж інформаційних технологій та землевпорядкування Національного авіаційного університету""",566,183,"ВСП ""ФКІТЗ НАУ""","Separate Struktural Subdivision ""Professional College of Information Technology and land Management of the National Aviation Univercity""",,1944,02570575,Заклад вищої освіти,Державна,Міністерство освіти і науки України,03113,8038600000,КИЇВ,Київ,"вул. Дружківська, 6",03113,8038600000,КИЇВ,Київ,"вул. Дружківська, 6",500-93-83,kitz_nau@ukr.net,kitz.nau.edu.ua,виконуюча обов'язки директора,Михайленко Ольга Вікторівна,,
Військовий інститут телекомунікацій та інформатизації імені Героїв Крут,3196,,ВІТІ,Military Institute of Telecommunication and Information technologies named after the Heroes of Kruty,,2015,24978555,Заклад вищої освіти,Державна,Міністерство оборони України,01011,8038200000,КИЇВ,Київ,"вул. Московська, 45/1",01011,8038200000,КИЇВ,Київ,"вул. Московська, 45/1",(044) 2805967,viti@viti.edu.ua,www.viti.edu.ua,Начальник Військового інституту телекомунікацій та інформатизації імені Героїв Крут,Остапчук Віктор Миколайович,,
Воєнно-дипломатична академія імені Євгенія Березняка,2899,,.,Military Diplomatic Academy named after Yevheniy Bereznyak,,1994,14303342,Заклад вищої освіти,Державна,Міністерство оборони України,04050,8000000000,КИЇВ,Київ,"вул. Юрія Іллєнка, 81",04050,8000000000,КИЇВ,Київ,"вул. Юрія Іллєнка, 81",(044) 483-15-64,vdamo@i.ua,,Начальник Воєнно-дипломатичної академії імені Євгенія Березняка,Крисяк Павло Васильович,,
"Горлівський регіональний інститут вищого навчального закладу ""Відкритий міжнародний університет розвитку людини ""Україна""",271,217,"ГРІ ВНЗ ВМУРоЛ ""Україна""","Horlivka Regional Institute of the Higher Educational Institution ""Open International University of Human Development ""Ukraine""",,1999,25757773,Заклад вищої освіти,Приватна,,04071,8038500000,КИЇВ,Київ,"вул. Хорива, 1-Г",04071,8038500000,КИЇВ,Київ,"вул. Хорива, 1-Г",06242-2-90-87; 0505889506; 0502231916,gri_gorlovka@mail.ru,www.griuu.org,в.о. директора,Бодунов Євген Рудольфович,2019-02-12,"Увага! З дати блокування суб'єкта освітньої діяльності в ЄДЕБО інформація про нього не підтримується в повному, актуальному та достовірному стані"
"Державний вищий навчальний заклад ""Київський національний економічний університет імені Вадима Гетьмана""",337,,"ДВНЗ ""КНЕУ ім. В. Гетьмана""",State Higher Educational Institution Kyiv National Economic University named after Vadym Hetman,так,1906,02070884,Заклад вищої освіти,Державна,Міністерство освіти і науки України,03057,8039100000,КИЇВ,Київ,"просп. Перемоги, 54/1",03057,8039100000,КИЇВ,Київ,"просп. Перемоги, 54/1",(044)4565055,documents@kneu.edu.ua,www.kneu.edu.ua,Ректор,Лук`яненко Дмитро Григорович,,
"Державний заклад вищої освіти ""Університет менеджменту освіти""",1395,,"ДЗВО ""УМО""","State higher educational institution ""University of educational management""",,2007,35830447,Заклад вищої освіти,Державна,Національна академія педагогічних наук України,04053,8039100000,КИЇВ,Київ,"вул. Січових Стрільців, 52-А",04053,8039100000,КИЇВ,Київ,"вул. Січових Стрільців, 52-А","(044) 484 10 96, 481 38 00",rector@umo.edu.ua,www.umo.edu.ua,Ректор,Кириченко Микола Олексійович,,
"Державний заклад ""Державна екологічна академія післядипломної освіти та управління""",2876,,"ДЗ ""ДЕА""","State organization ""State Ecological Academy of Post-Graduate Education and Management""",,1992,19491035,Заклад вищої освіти,Державна,Міністерство захисту довкілля та природних ресурсів України,03035,8038900000,КИЇВ,Київ,"вул. Митрополита Василя Липківського, 35",03035,8038900000,КИЇВ,Київ,"вул. Митрополита Василя Липківського, 35",(044) 2063132; 2063187,www.dei2005@ukr.net; Bondar@deamp.onmicrosoft.com,dea.edu.ua,Ректор,Бондар Олександр Іванович,,
Державний торговельно-економічний університет,6594,,ДТЕУ,STATE UNIVERSITY OF TRADE AND ECONOMICS,так,2022,44470624,Заклад вищої освіти,Державна,Міністерство освіти і науки України,02156,8000000000,КИЇВ,Київ,"вул. Кіото, 19",02156,8000000000,КИЇВ,Київ,"вул. Кіото, 19",+380(44)-531-49-49,knute@knute.edu.ua,,Виконуючий обов'язки ректора,Мазаракі Анатолій Антонович,,
Державний університет інфраструктури та технологій,3969,,ДУІТ,State University of Infrastructure and Technologies,так,2016,41330257,Заклад вищої освіти,Державна,Міністерство освіти і науки України,04071,8038500000,КИЇВ,Київ,"вул. Кирилівська, 9",04071,8038500000,КИЇВ,Київ,"вул. Кирилівська, 9",+044(46)-374-70,duit@duit.edu.ua,duit.edu.ua,Ректор,Брайковська Надія Сергіївна,,
Державний університет телекомунікацій,82,,ДУТ,State University of Telecommunications,так,2002,38855349,Заклад вищої освіти,Державна,Міністерство освіти і науки України,03680,8038900000,КИЇВ,Київ,"вул. Солом'янська, 7",03680,8038900000,КИЇВ,Київ,"вул. Солом'янська, 7","(044) 2488593, 2488597",info@vnz-mpu.com.ua,www.dut.edu.ua,Ректор,Толубко Володимир Борисович,,
"Дочірнє підприємство ""Київський хореографічний коледж""",1257,,КХК,"Subsidiary company ""Kyiv Choreographic College""",,2000,32343784,Заклад вищої освіти,Приватна,,03058,8000000000,КИЇВ,Київ,"пров. Ніжинський, 4",03058,8000000000,КИЇВ,Київ,"пров. Ніжинський, 4",(044) 279-11-15,college_horeograf@ukr.net,https://www.choreographic-college.com/,Директор,Кайгородов Дмитро Євгенович,,
Заклад вищої освіти «Відкритий міжнародний університет розвитку людини «Україна»,217,,"Університет ""Україна""",Higher Education Institution 'Open International UNIVERSITY of Human Development 'UKRAINE',так,1998,30373644,Заклад вищої освіти,Приватна,,03115,8000000000,КИЇВ,Київ,"вул. Львівська, 23",03115,8000000000,КИЇВ,Київ,"вул. Львівська, 23",(044) 4287410; 4252322; 4225019; 4252926,office@uu.edu.ua,http://uu.edu.ua,Президент,Таланчук Петро Михайлович,,
"Заклад вищої освіти ""Київський інститут бізнесу та технологій"" товариство з обмеженою відповідальністю",289,,Київський інститут бізнесу та технологій,Higher education institution Kyiv Institute of Business and Technology LLC,,1992,23497925,Заклад вищої освіти,Приватна,,04078,8038500000,КИЇВ,Київ,"пров. Зоряний, 1/5",01103,8038200000,КИЇВ,Київ,"вул. Михайла Бойчука, 18А",(044) 355 02 42; 353 22 42,info@kibit.edu.ua,www.kibit.edu.ua,Ректор,Яковлева Олена Вячеславівна,,
"Заклад вищої освіти ""Міжнародний науково-технічний університет імені академіка Юрія Бугая""",195,,"ЗВО ""МНТУ""","Higher Educational Institution ""Academician Yuriy Bugay International Scientific and Technical University""",,1993,19359117,Заклад вищої освіти,Приватна,,04025,8039100000,КИЇВ,Київ,"вул. Володимирська, 7 корпус 2",04025,8039100000,КИЇВ,Київ,"вул. Володимирська, 7 корпус 2",+38 (044) 353-47-07,istu@istu.edu.ua,www.istu.edu.ua,Президент,Бугай Владислав Юрійович,,
"Заклад вищої освіти ""Міжнародний університет фінансів""",1258,,"ЗВО ""МУФ""","Higher education institution ""International University of Finance",,1993,21547613,Заклад вищої освіти,Приватна,,01025,8039100000,КИЇВ,Київ,"вул. Володимирська, 7, корпус 1",01025,8039100000,КИЇВ,Київ,"вул. Володимирська, 7, корпус 1","(044) 277 43 28 , 277 43 29, 241 73 29",iuf@iuf.kpi.ua,http://iuf.kpi.ua/,Ректор,Смоляр Любов Гаврилівна,,
"Заклад фахової передвищої освіти ""Київський фаховий медичний коледж ім. П.І.Гаврося""",418,,"ЗФПО ""Київський фаховий медичний коледж ім. П.І.Гаврося""",Pre-higher Education Establishment «P.I.Gavros Kyiv Professional Medical College»,,2001,02010764,Заклад вищої освіти,Комунальна,Департамент охорони здоров`я виконавчого органу Київської міської ради (Київської міської державної адміністрації),03126,8038900000,КИЇВ,Київ,"вул. Академіка Білецького, 16",03126,8038900000,КИЇВ,Київ,"вул. Академіка Білецького, 16",(044) 408-44-68,kmkgavr@ukr.net; kmkgavr@health.kiev.ua,www.gavrosya.esy.es,Директор,Підмогильна Лідія Григорівна,,
"Заклад фахової передвищої освіти ""Перший Київський фаховий медичний коледж""",994,,"ЗФПО ""ПКФМК""","The institution off professional pre-higher education ""First Kyiv professional medical college""",,1842,05416113,Заклад вищої освіти,Комунальна,Департамент охорони здоров`я виконавчого органу Київської міської ради (Київської міської державної адміністрації),04050,8039100000,КИЇВ,Київ,"вул. Мельникова, 14",04050,8039100000,КИЇВ,Київ,"вул. Мельникова, 14","4006774, 044-48-39-515, 044-40-000-95",pkmk3d@ukr.net,,Директор,Кузнєцов Володимир Георгійович,,
Інститут державного управління та наукових досліджень з цивільного захисту,5652,,ІДУ НД ЦЗ,Institute of Public Administration and Research in Civil Protection,,,43533709,Заклад вищої освіти,Державна,Державна служба України з надзвичайних ситуацій,04074,8000000000,КИЇВ,Київ,"вул. Вишгородська, 21",04074,8000000000,КИЇВ,Київ,"вул. Вишгородська, 21",+380(44)-430-82-17,iduscz.kyiv@dsns.gov.ua,idundcz.dsns.gov.ua,Начальник,Волянський Петро Борисович,,
Інститут підготовки кадрів державної служби зайнятості України,345,,ІПК ДСЗУ,Ukrainian State Employment Service Training Institute,,1993,16305291,Заклад вищої освіти,Державна,Міністерство соціальної політики України,03038,8038900000,КИЇВ,Київ,"вул. Нововокзальна, 17",03038,8038900000,КИЇВ,Київ,"вул. Нововокзальна, 17","(044)2390798,5361451,5361485",ipk@ipk.edu.ua,www.ipk.edu.ua,Ректор,Войтович Радмила Василівна,,
Інститут Управління державної охорони України Київського національного університету імені Тараса Шевченка,1250,41,Інститут УДО України КНУ ім. Т. Шевченка,Іnstitute of Department of State Guard of Ukraine Taras Shevchenko National University of Kyiv,,2010,37471084,Заклад вищої освіти,Державна,Міністерство освіти і науки України,01601,8039100000,КИЇВ,Київ,"вул. Володимирська, 60",01601,8039100000,КИЇВ,Київ,"вул. Володимирська, 60",0442812509,centr@do.gov.ua,,Т.в.о. начальника,Удовик Микола Станіславович,,
Інститут управління і права Національного юридичного університету імені Ярослава Мудрого,2820,274,.,"Institute of Management and Law, Yaroslav Mudryi National Law University",,2014,39459127,Заклад вищої освіти,Державна,Міністерство освіти і науки України,03057,8038900000,КИЇВ,Київ,"вул. Металістів, 17",03057,8038900000,КИЇВ,Київ,"вул. Металістів, 17",(044) 4010770; 4578538,dipk@ukr.net,,директор,Ткаченко Юрій Володимирович,,
Київська державна академія декоративно-прикладного мистецтва і дизайну імені Михайла Бойчука,132,,КДАДПМД ім. М. Бойчука,Mykhailo Boichuk Kyiv State Academy of Decorative Applied Arts and Design,так,1999,21598958,Заклад вищої освіти,Державна,Міністерство культури та інформаційної політики України,01103,8038200000,КИЇВ,Київ,"вул. Михайла Бойчука, 32",01103,8038200000,КИЇВ,Київ,"вул. Михайла Бойчука, 32","(044) 2857716, 2853275, 2851638",i@kdidpmid.edu.ua,www.kdidpmid.edu.ua,В.о.ректора,Полтавець-Гуйда Оксана Вікторівна,,
Київська муніципальна академія естрадного та циркового мистецтв,1282,,КМАЕЦМ,Kyiv Municipal Academy of Circus and Performing Arts,,1975,02214952,Заклад вищої освіти,Комунальна,Виконавчий орган Київської міської ради (Київська міська державна адміністрація),01032,8036100000,КИЇВ,Київ,"вул. Жилянська, 88",01032,8036100000,КИЇВ,Київ,"вул. Жилянська, 88",044 284 36 19,inbox@kmaecm.edu.ua,www.kmaecm.edu.ua,Ректор,Яковлев Олександр Вікторович,,
Київська муніципальна академія музики ім. Р.М. Глієра,1065,,КМАМ ім. Р.М. Глієра,R. Glier Kyiv Municipal Academy of Music,,1868,02214923,Заклад вищої освіти,Комунальна,Виконавчий орган Київської міської ради (Київська міська державна адміністрація),01032,8036100000,КИЇВ,Київ,"вул. Льва Толстого, 31",01032,8036100000,КИЇВ,Київ,"вул. Льва Толстого, 31","2883262, 2883238, 2883268",kmamglier@glieracademy.org,https://glieracademy.org/,Ректор,Злотник Олександр Йосипович,,
Київська православна богословська академія,2718,,КПБА,Kyiv Orthodox Theological Academy,,1615,16484112,Заклад вищої освіти,Приватна,,01601,8039100000,КИЇВ,Київ,"вул. Трьохсвятительська, 6",01601,8039100000,КИЇВ,Київ,"вул. Трьохсвятительська, 6","(044)278 80 44, (044)278 89 53",info@kpba.edu.ua,www.kpba.edu.ua,Ректор,Трофимлюк Олександр Миколайович,,
Київський державний фаховий хореографічний коледж,2720,,КДФХК,Kyiv State Ballet College,,1964,02214946,Заклад вищої освіти,Державна,Міністерство культури та інформаційної політики України,04112,8000000000,КИЇВ,Київ,"вул. Парково-Сирецька, 4",04112,8000000000,КИЇВ,Київ,"вул. Парково-Сирецька, 4",(044)4569470; 4560040; 4569055,kyiv.state.ballet.college@gmail.com,ksbc.com.ua,В.о. директора,Кухар Катерина Ігорівна,,
"Київський інститут інтелектуальної власності та права Національного університету ""Одеська юридична академія""",5691,,.,KIEV INSTITUTE OF INTELLECTUAL PROPERTY AND LAW OF NATIONAL UNIVERSITY «ODESSA LAW ACADEMY»,так,2020,43452672,Заклад вищої освіти,Приватна,,02121,8036300000,КИЇВ,Київ,"вул. Харківське шосе, 210",02121,8036300000,КИЇВ,Київ,"вул. Харківське шосе, 210",+380(44)-563-80-64,kyiv.institute.law@gmail.com,http://kyivinstitute.com/,Ректор,Фелик Василь Іванович,,
КИЇВСЬКИЙ ІНСТИТУТ НАЦІОНАЛЬНОЇ ГВАРДІЇ УКРАЇНИ,6468,,КИЇВСЬКИЙ ІНСТИТУТ НГУ,,,,44633214,Заклад вищої освіти,Державна,Міністерство внутрішніх справ України,03179,8000000000,КИЇВ,Київ,"вул. Оборони Києва, 7",03179,8000000000,КИЇВ,Київ,"вул. Оборони Києва, 7",+380(98)-001-30-15,kingu@ngu.gov.ua,kingu.edu.ua,Начальник,Клачко Володимир Миколайович,,
Київський коледж економіки та менеджменту Міжгалузевої академії управління,2555,223,-,,,2013,38814606,Заклад вищої освіти,Державна,Міністерство освіти і науки України,03151,8038900000,КИЇВ,Київ,"вул. Ушинського, 15",03151,8038900000,КИЇВ,Київ,"вул. Ушинського, 15",(044)242-38-66; 242-27-03,miu@miu.edu.ua,miu.edu.ua,в.о. ректора,Кузьмін Сергій Аркадійович,2016-06-01,"Увага! З дати блокування суб'єкта освітньої діяльності в ЄДЕБО інформація про нього не підтримується в повному, актуальному та достовірному стані"
"""Київський кооперативний інститут бізнесу і права""",354,,"""Київський кооперативний інститут бізнесу і права""",Kyiv Cooperative Institute of business and law,,2010,01788243,Заклад вищої освіти,Приватна,,03022,8036100000,КИЇВ,Київ,"вул. Ломоносова, 18",03022,8036100000,КИЇВ,Київ,"вул. Ломоносова, 18","(044) 257 70 91 , 257 03 07, 258 20 29",rektor@kkibp.edu.ua,http://kkibp.kiev.ua.,В.о.ректора,Охріменко Ігор Віталійович,,
Київський навчально-консультаційний пункт Національного університету кораблебудування імені адмірала Макарова,1526,105,.,,так,2000,26199306,Заклад вищої освіти,Державна,Міністерство освіти і науки України,01010,8000000000,КИЇВ,Київ,"вул. Аніщенка, 6",54025,4810100000,Миколаївська область,Миколаїв,"просп. Героїв Сталінграду, 9",,,,директор,,,
Київський навчально-науковий центр Одеської національної академії зв'язку ім. О.С. Попова,2947,68,.,,так,2000,33890043,Заклад вищої освіти,Державна,Міністерство освіти і науки України,01032,8039100000,КИЇВ,Київ,"вул. Шевченка, 56",01032,8039100000,КИЇВ,Київ,"вул. Шевченка, 56",,,,,,,
Київський національний лінгвістичний університет,315,,КНЛУ,Kyiv National Linguistic University,так,1948,02125289,Заклад вищої освіти,Державна,Міністерство освіти і науки України,03150,8038200000,КИЇВ,Київ,"вул. Велика Васильківська, 73",03150,8038200000,КИЇВ,Київ,"вул. Велика Васильківська, 73","2873372, 2274035, 2276788",knlu@knlu.edu.ua,http://www.knlu.edu.ua,Ректор,Васько Роман Володимирович,,
Київський національний університет будівництва і архітектури,127,,КНУБА,Kyiv National University of Construction and Architecture,так,1930,02070909,Заклад вищої освіти,Державна,Міністерство освіти і науки України,03680,8038900000,КИЇВ,Київ,"просп. Повітрофлотський, 31",03680,8038900000,КИЇВ,Київ,"просп. Повітрофлотський, 31",+38 (044) 248-49-05; 248-49-01,Knuba_admin@ukr.net,http://www.knuba.edu.ua,Ректор,Куліков Петро Мусійович,,
Київський національний університет імені Тараса Шевченка,41,,КНУТШ,Taras Shevchenko National University of Kyiv,так,1834,02070944,Заклад вищої освіти,Державна,Міністерство освіти і науки України,01601,8039100000,КИЇВ,Київ,"вул. Володимирська, 60",01601,8039100000,КИЇВ,Київ,"вул. Володимирська, 60","(044) 239-32-20, 289-86-91, 234-89-04","stationery@univ.kiev.ua, office.chief@univ.net.ua",http://www.univ.kiev.ua,Ректор,Бугров Володимир Анатолійович,,
Київський національний університет культури і мистецтв,308,,КНУКіМ,Kyiv National University of Culture and Arts,так,1968,02214159,Заклад вищої освіти,Державна,Міністерство освіти і науки України,01133,8038200000,КИЇВ,Київ,"вул. Євгена Коновальця, 36",01133,8038200000,КИЇВ,Київ,"вул. Євгена Коновальця, 36",(044) 529-93-13,knukim2021@ukr.net,knukim.edu.ua,Президент,Поплавський Михайло Михайлович,,
"Київський національний університет театру, кіно і телебачення імені І.К. Карпенка-Карого",328,,КНУТКІТ,"Kyiv national I.K. Karpenko-Karyi university of theatre, cinema and television",так,1904,02214171,Заклад вищої освіти,Державна,Міністерство культури та інформаційної політики України,01054,8039100000,КИЇВ,Київ,"вул. Ярославів Вал, 40",01054,8039100000,КИЇВ,Київ,"вул. Ярославів Вал, 40","(044) 272 10 32, 272-33-39",rector@knutkt.edu.ua,www.knutkt.edu.ua,В.о. ректора,Кочарян Інна Сергіївна,,
Київський національний університет технологій та дизайну,307,,КНУТД,Kyiv National University of Technologies and Design,так,1930,02070890,Заклад вищої освіти,Державна,Міністерство освіти і науки України,01011,8038200000,КИЇВ,Київ,"вул. Немировича-Данченка, 2",01011,8038200000,КИЇВ,Київ,"вул. Немировича-Данченка, 2",(044) 2800512,knutd@knutd.edu.ua,knutd.edu.ua,Ректор,Грищенко Іван Михайлович,,
Київський університет імені Бориса Грінченка,56,,Університет Грінченка,Borys Grinchenko Kyiv University,,1874,02136554,Заклад вищої освіти,Комунальна,Департамент освіти і науки виконавчого органу Київської міської ради (Київської міської державної адміністрації),04053,8039100000,КИЇВ,Київ,"вул. Бульварно-Кудрявська, 18/2",04053,8039100000,КИЇВ,Київ,"вул. Бульварно-Кудрявська, 18/2","(044) 2721902, 2721920",kubg@kubg.edu.ua,http://kubg.edu.ua/,Ректор,Огнев`юк Віктор Олександрович,,
Київський університет права Національної академії наук України,25,,КУП НАНУ,Kyiv University of Law of the National Academy of Sciences of Ukraine,,1995,23745145,Заклад вищої освіти,Державна,Національна академія наук України,01001,8000000000,КИЇВ,Київ,"вул. Трьохсвятительська, 4",01001,8000000000,КИЇВ,Київ,"вул. Трьохсвятительська, 4",(044) 4243335; 4522864,kul@kul.kiev.ua,http://www.kul.kiev.ua,Ректор,Бошицький Юрій Ладиславович,,
"Київський університет туризму, економіки і права",1274,,КУТЕП,"Kyiv University of Tourism, Economics and Law",,1995,22915220,Заклад вищої освіти,Приватна,,02192,8036600000,КИЇВ,Київ,"вул. Генерала Жмаченка, 26",02192,8036600000,КИЇВ,Київ,"вул. Генерала Жмаченка, 26",(044) 5438658; 5439352,info@kutep.ua,www.kutep.ua,Директор,Фоменко Надія Андріївна,,
"Київський фаховий коледж Приватного вищого навчального закладу ""Університет сучасних знань""",2812,281,.,"Kiev Vocational College of Private Higher Educational Institution ""University of Modern Knowledge""",,2011,39679655,Заклад вищої освіти,Приватна,,03150,8038200000,КИЇВ,Київ,"вул. Велика Васильківська, 57/3",03150,8038200000,КИЇВ,Київ,"вул. Велика Васильківська, 57/3",(044) 2298971,sekretariat@umk.edu.ua,https://usz.org.ua/,Директор,Швидченко Світлана Романівна,,
"Коледж Вищого навчального закладу ""Київський університет ринкових відносин""",1454,866,.,College of Kyiv University for Market Relations,,2009,38196754,Заклад вищої освіти,Приватна,,02152,8036600000,КИЇВ,Київ,"вул. Березняківська, 26-Б",02152,8036600000,КИЇВ,Київ,"вул. Березняківська, 26-Б",0442944021,rectorat@kumr.edu.ua,,директор,Ланіна Оксана Віталіївна,,
"Коледж ""Слов'яно-грецький колегіум"" Приватного акціонерного товариства ""Вищий навчальний заклад Київський славістичний університет""",1428,139,.,,,2003,26345400,Заклад вищої освіти,Приватна,,03150,8038000000,КИЇВ,Київ,"вул. Мате Залки, 10-Г",03150,8038000000,КИЇВ,Київ,"вул. Мате Залки, 10-Г",(044) 2689407; 4648277; 4193133; 4193217,rectorat_ksu@ukr.net,,Директор,Буратевич Зоя Іванівна,,
"""Коледж Української академії перукарської майстерності та декоративної косметики Київського університету культури""",1522,310,.,,,2010,39686826,Заклад вищої освіти,Приватна,,01133,8038200000,КИЇВ,Київ,"вул. Євгена Коновальця, 36 Б",01133,8038200000,КИЇВ,Київ,"вул. Євгена Коновальця, 36 Б",(044) 2850317; 2846404; 2850317,kuk_kiev@ukr.net,,Директор,Левчук Яна Миколаївна,,
"Коледж хореографічного мистецтва ""Київська муніципальна академія танцю імені Сержа Лифаря""",953,,КМАТ імені Сержа Лифаря,Serge Lifar Kyiv Municipal Academy of Dance,,2001,30382088,Заклад вищої освіти,Комунальна,Департамент освіти і науки виконавчого органу Київської міської ради (Київської міської державної адміністрації),02232,8036400000,КИЇВ,Київ,"вул. Данькевича, 4-А",02232,8036400000,КИЇВ,Київ,"вул. Данькевича, 4-А",(044) 5308757; 5354425,INFO@dance-academy.com.ua,www.dance-academy.com.ua,Директор,Коломієць Вячеслав Анатолійович,,
"Комунальний заклад вищої освіти Київської обласної ради ""Академія мистецтв імені Павла Чубинського""",1373,,"КЗВО КОР ""Академія мистецтв імені Павла Чубинського""","Communal Higher Educational Establishment of Kyiv Regional Council ""Academy of Arts""",,1930,02214938,Заклад вищої освіти,Комунальна,Обласна державна адміністрація,01015,8038200000,КИЇВ,Київ,"вул. Івана Мазепи, 15",01015,8038200000,КИЇВ,Київ,"вул. Івана Мазепи, 15",(044) 2807692; 2907692; 2544246,koukim@ukr.net,koukim.com,Ректор,Романчишин Василь Григорович,,
Луганська державна академія культури і мистецтв,204,,ЛДАКМ,Lugansk State Academy of Culture and Arts,так,2002,26204964,Заклад вищої освіти,Державна,Міністерство культури та інформаційної політики України,01601,8039100000,КИЇВ,Київ,"вул. Івана Франка, 19",01601,8039100000,КИЇВ,Київ,"вул. Івана Франка, 19","+38 (044) 222-51-85, +38 (097) 979-69-00, +38 (099) 069-76-73",ldakm@i.ua,http://ldakm.edu.ua,В.о. ректора,Юдов Микола Олександрович,,
Маріупольська філія Національної академії образотворчого мистецтва і архітектури,4365,297,.,,так,,43033706,Заклад вищої освіти,Державна,Міністерство культури та інформаційної політики України,04053,8039100000,КИЇВ,Київ,"вул. Вознесенський узвіз, 20",87500,1412300000,Донецька область,Маріуполь,"вул. Георгіївська, 69",+306(29)-484-03-2,,,Керівник,Батичко Галина Іванівна,,
Маріупольський державний університет,19,,МДУ,Mariupol State University,так,1991,26593428,Заклад вищої освіти,Державна,Міністерство освіти і науки України,03037,8000000000,КИЇВ,Київ,"просп. Повітрофлотський, 31",87500,1412300000,Донецька область,Маріуполь,"просп. Будівельників, 129-А",(0629) 58-70-52,info@mdu.in.ua,http://www.mdu.in.ua,Ректор,Трофименко Микола Валерійович,,
"Муніципальний заклад вищої освіти ""Київська Академія мистецтв""",1389,,"МЗВО ""КАМ""","Municipal institution of higher education ""Kyiv Academy of Arts""",,1994,21594647,Заклад вищої освіти,Комунальна,Департамент культури виконавчого органу Київської міської ради (Київської міської державної адміністрації),04210,8038000000,КИЇВ,Київ,"просп. Героїв Сталінграда, 10",04210,8038000000,КИЇВ,Київ,"просп. Героїв Сталінграда, 10","(044) 4109310, 4647356",academy@kam.edu.ua,kam.edu.ua,Ректор,Бенч Ольга Григорівна,,
Національна академія внутрішніх справ,240,,НАВС,National Academy of Internal Affairs,,1921,08751177,Заклад вищої освіти,Державна,Міністерство внутрішніх справ України,03035,8038900000,КИЇВ,Київ,"пл. Солом'янська, 1",03035,8038900000,КИЇВ,Київ,"пл. Солом'янська, 1","(044)249-09-22, 245-94-91",post@naiau.kiev.ua,www.naiau.kiev.ua,Ректор,Чернєй Володимир Васильович,,
Національна академія керівних кадрів культури і мистецтв,332,,НАКККіМ,National Academy of Culture and Arts Management,так,1970,02214142,Заклад вищої освіти,Державна,Міністерство культури та інформаційної політики України,01015,8038200000,КИЇВ,Київ,"вул. Лаврська, 9, корпус 15",01015,8038200000,КИЇВ,Київ,"вул. Лаврська, 9, корпус 15","(044) 288 80 81, 280 22 82",akademiya@nakkkim.edu.ua,nakkkim.edu.ua,В.о. ректора,Копієвська Ольга Рафаілівна,,
Національна академія образотворчого мистецтва і архітектури,297,,НАОМА,National Academy of Fine Arts and Architecture,так,1917,02214165,Заклад вищої освіти,Державна,Міністерство культури та інформаційної політики України,04053,8039100000,КИЇВ,Київ,"вул. Вознесенський узвіз, 20",04053,8039100000,КИЇВ,Київ,"вул. Вознесенський узвіз, 20",+38(044)272-15-40,naoma@naoma.edu.ua,http:www.naoma.edu.ua,Ректор,Цугорка Олександр Петрович,,
Національна академія Служби безпеки України,1339,,НА СБУ,National Academy of the Security Service of Ukraine,,1992,20001823,Заклад вищої освіти,Державна,Служба безпеки України,03022,8036100000,КИЇВ,Київ,"вул. Михайла Максимовича, 22",03022,8036100000,КИЇВ,Київ,"вул. Михайла Максимовича, 22","(044) 2573035, 2570096, 2555001",academy@ssu.gov.ua,http://academy.ssu.gov.ua,Ректор,Черняк Андрій Миколайович,,
"Національна академія статистики, обліку та аудиту",67,,НАСОА,"The National Academy of Statistics, Accounting and Audit",,1986,04837462,Заклад вищої освіти,Державна,Державна служба статистики України,04107,8039100000,КИЇВ,Київ,"вул. Підгірна, 1",04107,8039100000,КИЇВ,Київ,"вул. Підгірна, 1","(044) 484 49 41, (044) 484 47 78",info@nasoa.edu.ua,http://nasoa.edu.ua,Ректор,Осауленко Олександр Григорович,,
Національна музична академія України імені П.І. Чайковського,357,,НМАУ ім. П.І. Чайковського,Ukrainian National Tchaikovsky Academy of Music,так,1913,02214188,Заклад вищої освіти,Державна,Міністерство культури та інформаційної політики України,01001,8000000000,КИЇВ,Київ,"вул. Городецького, 1-3/11",01001,8000000000,КИЇВ,Київ,"вул. Городецького, 1-3/11",(044)279-07-92,cancelyariya@knmau.соm.ua.,www.knmau.com.ua,Ректор,Тимошенко Максим Олегович,,
Національний авіаційний університет,183,,НАУ,National Aviation University,так,1933,01132330,Заклад вищої освіти,Державна,Міністерство освіти і науки України,03058,8038900000,КИЇВ,Київ,"просп. Гузара Любомира, 1",03058,8038900000,КИЇВ,Київ,"просп. Гузара Любомира, 1","(044) 497-41-05, 406-70-38, 497-51-51, 408-30-27",post@nau.edu.ua,http://www.nau.edu.ua,Ректор,Луцький Максим Георгійович,,
Національний медичний університет імені О.О. Богомольця,149,,НМУ імені О.О. Богомольця,Bogomolets National Medical University,так,1841,02010787,Заклад вищої освіти,Державна,Міністерство охорони здоров`я України,01601,8039100000,КИЇВ,Київ,"бульв. Тараса Шевченка, 13",01601,8039100000,КИЇВ,Київ,"бульв. Тараса Шевченка, 13",(044) 2344062; 2349276; 2357391,kancnmu@nmu.ua,www.nmuofficial.com,Ректор,Кучин Юрій Леонідович,,
Національний педагогічний університет імені М.П. Драгоманова,194,,НПУ імені М.П. Драгоманова,National Pedagogical Dragomanov University,так,1834,02125295,Заклад вищої освіти,Державна,Міністерство освіти і науки України,01030,8039100000,КИЇВ,Київ,"вул. Пирогова, 9",01030,8039100000,КИЇВ,Київ,"вул. Пирогова, 9",(044)2393031,pk@npu.edu.ua,http://www.npu.edu.ua,Ректор,Андрущенко Віктор Петрович,,
Національний технічний університет України «Київський політехнічний інститут імені Ігоря Сікорського»,174,,КПІ ім. Ігоря Сікорського,National Technical University of Ukraine «Igor Sikorsky Kyiv Polytechnic Institute»,так,1898,02070921,Заклад вищої освіти,Державна,Міністерство освіти і науки України,03056,8038900000,КИЇВ,Київ,"просп. Перемоги, 37",03056,8038900000,КИЇВ,Київ,"просп. Перемоги, 37",(063) 743-47-57,mail@kpi.ua,http://kpi.ua,Ректор,Згуровський Михайло Захарович,,
Національний транспортний університет,24,,НТУ,National Transport University,так,1944,02070915,Заклад вищої освіти,Державна,Міністерство освіти і науки України,01010,8038200000,КИЇВ,Київ,"вул. Омеляновича-Павленка, 1",01010,8038200000,КИЇВ,Київ,"вул. Омеляновича-Павленка, 1",+38(044) 280 82 03,general@ntu.edu.ua,http://www.ntu.edu.ua,Ректор,Дмитриченко Микола Федорович,,
Національний університет біоресурсів і природокористування України,7,,НУБіП України,National University of Life and Environmental Sciences of Ukraine,так,1954,00493706,Заклад вищої освіти,Державна,Міністерство освіти і науки України,03041,8036100000,КИЇВ,Київ,"вул. Героїв оборони, 15",03041,8036100000,КИЇВ,Київ,"вул. Героїв оборони, 15","(044) 5278242, 2584263",rectorat@nubip.edu.ua,http://www.nubip.edu.ua/,Ректор,Ніколаєнко Станіслав Миколайович,,
"Національний університет ""Києво-Могилянська академія""",79,,НаУКМА,National University of Kyiv-Mohyla Academy,так,1991,16459396,Заклад вищої освіти,Державна,Міністерство освіти і науки України,04070,8000000000,КИЇВ,Київ,"вул. Григорія Сковороди, 2",04070,8000000000,КИЇВ,Київ,"вул. Григорія Сковороди, 2","(044) 463-70-67, 425-60-59, 463-67-83",vkd@ukma.edu.ua,http://www.ukma.edu.ua,Президент,Квіт Сергій Миронович,,
Національний університет оборони України імені Івана Черняховського,1159,,НУОУ,The National Defence University of Ukraine named after Ivan Cherniakhovskyi,,2000,07834530,Заклад вищої освіти,Державна,Міністерство оборони України,03049,8000000000,КИЇВ,Київ,"просп. Повітрофлотський, 28",03049,8000000000,КИЇВ,Київ,"просп. Повітрофлотський, 28","044 248 10 77, 248 10 76",info@nuou.org.ua,nuou.org.ua,Начальник,Сиротенко Анатолій Миколайович,,
Національний університет охорони здоров’я України імені П. Л. Шупика,2833,,НУОЗ України імені П. Л. Шупика,Shupyk National Healthcare University of Ukraine,,2006,01896702,Заклад вищої освіти,Державна,Міністерство охорони здоров`я України,04112,8039100000,КИЇВ,Київ,"вул. Дорогожицька, 9",04112,8039100000,КИЇВ,Київ,"вул. Дорогожицька, 9","(044) 205-48-27, 205-49-46",office@nuozu.edu.ua,www.nuozu.edu.ua,Виконувач обов’язків ректора,Вороненко Юрій Васильович,,
Національний університет фізичного виховання і спорту України,180,,НУФВСУ,National University of Ukraine on Physical Education and Sport,так,1930,02928433,Заклад вищої освіти,Державна,Міністерство освіти і науки України,03150,8038200000,КИЇВ,Київ,"вул. Фізкультури, 1",03150,8038200000,КИЇВ,Київ,"вул. Фізкультури, 1",+380(44)-287-61-91,rectorat@uni-sport.edu.ua,www.uni-sport.edu.uа,Ректор,Імас Євгеній Вікторович,,
Національний університет харчових технологій,47,,НУХТ,National University of Food Technologies,так,1930,02070938,Заклад вищої освіти,Державна,Міністерство освіти і науки України,01033,8036100000,КИЇВ,Київ,"вул. Володимирська, 68",01033,8036100000,КИЇВ,Київ,"вул. Володимирська, 68",+38(044) 289-95-55,info@nuft.edu.ua,www.nuft.edu.ua,Ректор,Шевченко Олександр Юхимович,,
"Приватна установа ""Університет ""Київська школа економіки""",3924,,Київська Школа Економіки,Private institution “University “Kyiv School of Economics”,так,2016,40762332,Заклад вищої освіти,Приватна,,03113,8039100000,КИЇВ,Київ,"вул. Шпака Миколи, 3",03113,8039100000,КИЇВ,Київ,"вул. Шпака Миколи, 3",492-80-12,infovnz@kse.org.ua,www.kse.org.ua,в.о. президента,Верченко Олеся Петрівна,,
"Приватне акціонерне товариство «Українсько-Польський вищий навчальний заклад ""Центрально-Європейський університет»",176,,"ПРАТ ""УП ВНЗ ЦЄУ""",Private Joint Stock Company “Ukrainian-Polish Higher Educational Establishment “University of Central Europe”,,1995,23169003,Заклад вищої освіти,Приватна,,03680,8039100000,КИЇВ,Київ,"вул. Рейтарська,, 19а",03680,8036100000,КИЇВ,Київ,"вул. Козацька, 120/4","+38 044 278-24-73, +38 044 278-18-92, +38 044 278-84-92",referent.ceu.info@gmail.com,www.c-e-u.info,Перший проректор,Шепелюк Олександр Юрійович,,
"Приватне акціонерне товариство ""Вищий навчальний заклад ""Київський міжгалузевий інститут підвищення кваліфікації""",4009,,"ПРАТ ВНЗ ""ІНСТИТУТ""",,,1994,00284017,Заклад вищої освіти,Приватна,,01135,8000000000,КИЇВ,Київ,"вул. Дмитрівська, 71",01135,8000000000,КИЇВ,Київ,"вул. Дмитрівська, 71",+380(44)-484-19-31,kmipksh@i.kiev.ua,www.kmipk.kiev.ua,ректор,Шевченко Станіслав Іванович,,
"Приватне акціонерне товариство ""Вищий навчальний заклад ""Міжрегіональна Академія управління персоналом""",249,,"ПрАТ ""ВНЗ ""МАУП""","Private Joint-Stock Company ""Higher education institution ""Interregional Academy of Personnel Management""",так,1989,00127522,Заклад вищої освіти,Приватна,,03039,8036100000,КИЇВ,Київ,"вул. Фрометівська, 2",03039,8036100000,КИЇВ,Київ,"вул. Фрометівська, 2","490-95-00, 490-95-05",iapm@iapm.edu.ua,www.maup.com.ua,Президент,Щокін Ростислав Георгійович,,
"Приватне акціонерне товариство ""Вищий навчальний заклад ""Національна академія управління""",339,,"ПРАТ ВНЗ ""НАУ""","Higher Education Institution ""National Academy of Management""",,1992,16476880,Заклад вищої освіти,Приватна,,03148,8038600000,КИЇВ,Київ,"вул. Гната Юри, 9",03148,8038600000,КИЇВ,Київ,"вул. Гната Юри, 9",(044) 242 24 46; (044) 242 24 64,office@nam.kiev.ua,http://nam.kiev.ua/,Ректор,Єрохін Сергій Аркадійович,,
"Приватний вищий навчальний заклад ""Деснянський економіко-правовий коледж при Міжрегіональній Академії управління персоналом""",605,,Деснянський економіко-правовий коледж при МАУП,"Private higher educational establishment ""Desnianskyi College of Economics and Law"" of ""Interregional Academy of Personnel Management""",,2003,32591166,Заклад вищої освіти,Приватна,,02217,8036400000,КИЇВ,Київ,"вул. Миколи Закревського, 45-Б",02217,8036400000,КИЇВ,Київ,"вул. Миколи Закревського, 45-Б",5156163,desn_ept@ukr.net,dcmaup.com.ua,Директор,Яровой Володимир Ілліч,,
"Приватний вищий навчальний заклад ""Економіко-правовий технікум при Міжрегіональній Академії управління персоналом""",1084,,ЕПТ при МАУП,"Private higher educational establishment ""College of Economics and Law"" of ""Interregional Academy of personnel management""",,2000,31745018,Заклад вищої освіти,Приватна,,03039,8000000000,КИЇВ,Київ,"просп. Червонозоряний, 146",03039,8000000000,КИЇВ,Київ,"просп. Червонозоряний, 146",044 2582124,ept_maup@ukr.net,ept.in.ua,директор,Швець Катерина Павлівна,,
"Приватний вищий навчальний заклад ""Європейський університет""",228,,"ПВНЗ ""Європейський університет""","Private Higher Education Establishment ""European University""",,1991,24366800,Заклад вищої освіти,Приватна,,03115,8038600000,КИЇВ,Київ,"бульв. Академіка Вернадського, 16-в",03115,8038600000,КИЇВ,Київ,"бульв. Академіка Вернадського, 16-в",(044) 4506490; 4509931; 4240544; 4523568,office@e-u.in.ua.,http://www.e-u.edu.ua/,Ректор,Тимошенко Олена Іванівна,,
"Приватний вищий навчальний заклад ""Інститут екології економіки і права""",1325,,"ПВНЗ ""Інститут екології економіки і права""",Institute for ecology economy and law,,2004,33155797,Заклад вищої освіти,Приватна,,01054,8039100000,КИЇВ,Київ,"вул. Тургенєвська, 11",01030,8039100000,КИЇВ,Київ,"вул. Пирогова, 9","(044) 486-0763, 234-1108",ieep@ukr.net,ieep.org.ua,Ректор,Нікандров Олександр Всеволодович,,
"Приватний вищий навчальний заклад ""Київський коледж бізнесу""",1106,,ПВНЗ ККБ,,,2000,30400122,Заклад вищої освіти,Приватна,,03151,8038900000,КИЇВ,Київ,"вул. Народного ополчення, 7, кв. 116-117",03151,8038900000,КИЇВ,Київ,"вул. Народного ополчення, 7, кв. 116-117",560-22-21,kkb@kcbiz.kiev.ua,www.kcbiz.kiev.ua,Директор,Перова Вікторія Вікторівна,2018-11-01,"Увага! З дати блокування суб'єкта освітньої діяльності в ЄДЕБО інформація про нього не підтримується в повному, актуальному та достовірному стані"
"ПРИВАТНИЙ ВИЩИЙ НАВЧАЛЬНИЙ ЗАКЛАД ""КИЇВСЬКИЙ МЕДИЧНИЙ УНІВЕРСИТЕТ""",197,,"ПВНЗ ""КИЇВСЬКИЙ МЕДИЧНИЙ УНІВЕРСИТЕТ""","PRIVATE HIGHER EDUCATIONAL ESTABLISHMENT ""KYIV MEDICAL UNIVERSITY""",,1992,16478809,Заклад вищої освіти,Приватна,,02099,8000000000,КИЇВ,Київ,"вул. Бориспільська, 2",01004,8038200000,КИЇВ,Київ,"вул. Велика Васильківська, 17 А","+38 (044) 567-29-29, +38 (044) 234-99-92",info@kmu.edu.ua,http://kmu.edu.ua,Президент,Поканевич Олександр Валерійович,,
"Приватний вищий навчальний заклад ""Київський університет культури""",310,,Київський університет культури,Private Higher Educational Institution “Kyiv University of Culture”,,2000,31028309,Заклад вищої освіти,Приватна,,01042,8038200000,КИЇВ,Київ,"вул. Чигоріна, 20",01042,8038200000,КИЇВ,Київ,"вул. Чигоріна, 20",(044) 2867570; 5299332,kuk_kiev@ukr.net,https://kuk-university.com,Ректор,Пилипів Володимир Іванович,,
"Приватний вищий навчальний заклад ""Міжнародна академія екології та медицини""",1292,,"ПВНЗ ""Міжнародна академія екології та медицини""",International academy of ecology and medicine,,2011,37857335,Заклад вищої освіти,Приватна,,02091,8036300000,КИЇВ,Київ,"Харківське шосе , 121",02091,8036300000,КИЇВ,Київ,"Харківське шосе , 121","(044) 5760600, (094) 9261357",maem.academy.edu@gmail.com,http://maem.kiev.ua,Виконуючий обов’язки ректора,Савицький Іван Володимирович,,
"Приватний вищий навчальний заклад ""Міжнародна академія сертифікації бухгалтерів і аудиторів""",4032,,"ПВНЗ ""МАСБА""","""INTERNATIONAL ACADEMY OF CERTIFICATION OF ACCOUNTANTS AND AUDITORS"" PRIVATE INSTITUTION OF HIGHER EDUCATION",,,41319584,Заклад вищої освіти,Приватна,,01001,8000000000,КИЇВ,Київ,"вул. Малопідвальна, 10",01001,8000000000,КИЇВ,Київ,"вул. Малопідвальна, 10",+380(44)-279-00-00,chief@amsfo.com,,В.о. ректора,Чумак Оксана Володимирівна,,
"Приватний вищий навчальний заклад ""Міжнародний інститут бізнесу""",1093,,МІБ,"Private Higher Educational Institution ""International Institute of Business""",,1993,19362125,Заклад вищої освіти,Приватна,,03179,8038600000,КИЇВ,Київ,"Брест-Литовське шосе , 8-А",03179,8038600000,КИЇВ,Київ,"Брест-Литовське шосе , 8-А",(044)5850033; 5900848,info@iib.com.ua,www.iib.com.ua,Президент,Савченко Олександр Володимирович,,
"Приватний вищий навчальний заклад ""Міжнародний інститут менеджменту (МІМ-Київ)""",1178,,Міжнародний інститут менеджменту (МІМ-Київ),"Private Higher Educational Institution ""International Management Institute (MIM-Kyiv)""",,1993,05394423,Заклад вищої освіти,Приватна,,04116,8039100000,КИЇВ,Київ,"вул. Шулявська, 10/12в",04116,8039100000,КИЇВ,Київ,"вул. Шулявська, 10/12в",585 02 65,assist@mim.kiev.ua,www.mim.kiev.ua,Президент,Тихомирова Ірина Олегівна,,
"Приватний вищий навчальний заклад ""Міжнародний коледж медицини""",3251,,"ПВНЗ ""МКМ""",,,2011,37788298,Заклад вищої освіти,Приватна,,02660,8036600000,КИЇВ,Київ,"вул. В. Шимановського, 2/1",02660,8036600000,КИЇВ,Київ,"вул. В. Шимановського, 2/1",+066(70)-775-14,pvnzmkm@ukr.net,,Директор,Федорова Тамара Григорівна,2019-08-20,"Увага! З дати блокування суб'єкта освітньої діяльності в ЄДЕБО інформація про нього не підтримується в повному, актуальному та достовірному стані"
"Приватний вищий навчальний заклад ""Міжнародний коледж Святого Луки""",2531,,"ПВНЗ ""Міжнародний коледж Святого Луки""","Private higher educational institution ""International College of St. Luka""",,2012,38078293,Заклад вищої освіти,Приватна,,02091,8036300000,КИЇВ,Київ,"Харківське шосе , 121/3",02091,8036300000,КИЇВ,Київ,"Харківське шосе , 121/3",+044(56)-082-16,svluka@ukr.net,http://medcollege.kyiv.ua,Директор,Луценко Євген Валентинович,2021-02-16,"Увага! З дати блокування суб'єкта освітньої діяльності в ЄДЕБО інформація про нього не підтримується в повному, актуальному та достовірному стані"
Приватний вищий навчальний заклад Університет новітніх технологій,1262,,УНТ,Private higher educational establishment University of emerging technologies,,1996,24091786,Заклад вищої освіти,Приватна,,03068,8038200000,КИЇВ,Київ,"пров. Машинобудівний, 28",03068,8038200000,КИЇВ,Київ,"пров. Машинобудівний, 28",(044) 227 28 86,office@unt.edu.ua,unt.edu.ua,Ректор,Циганій Світлана Олексіївна,,
"Приватний вищий навчальний заклад ""Університет сучасних знань""",281,,Університет сучасних знань,Private Higher Education Institution “University of Modern Knowledge”,,2002,31839933,Заклад вищої освіти,Приватна,,03150,8038200000,КИЇВ,Київ,"вул. Велика Васильківська, 57/3",03150,8038200000,КИЇВ,Київ,"вул. Велика Васильківська, 57/3",(050)-322-71-88,sekretariat@umk.edu.ua,https://usz.org.ua/,Виконуючий обов`язки ректора,Мосьондз Сергій Олександрович,,
"Приватний вищий навчальний заклад ""Фаховий коледж міжнародної торгівлі""",606,,"ПВНЗ ""Фаховий коледж МТ""","Private educational institution ""Professional college of international trade""",,2001,31452559,Заклад вищої освіти,Приватна,,03118,8038200000,КИЇВ,Київ,"просп. Валерія Лобановського, 146",03039,8038200000,КИЇВ,Київ,"просп. Валерія Лобановського, 119",(044) 285 84 69,ept_maup@ukr.net,www.kmt-college.kiev.ua,Директор,Швець Катерина Павлівна,,
"Приватний вищий навчальний заклад ""Фінансово-правовий коледж""",797,,"ПВНЗ ""ФПК""",Private Higher Educational Institution “Financial-Legal College”,,1994,22865098,Заклад вищої освіти,Приватна,,03087,8038900000,КИЇВ,Київ,"вул. Пітерська, 5-А",03087,8038900000,КИЇВ,Київ,"вул. Пітерська, 5-А","0442430117, 0442434293",f_p_college@meta.ua,www.fpk.in.ua,Директор,Губанова Тамара Олексіївна,,
"Приватний вищий навчальний заклад-інститут ""Українсько-американський університет Конкордія""",5,,УАУК,"Private Higher Educational Establishment-Institute ""Ukrainian-American Concordia University“",,1997,24265677,Заклад вищої освіти,Приватна,,01030,8039100000,КИЇВ,Київ,"вул. Пирогова, 9",01030,8039100000,КИЇВ,Київ,"вул. Пирогова, 9","+38(044)486-06-66, +38(044)236-19-16",info@uacu.edu.ua,http://www.concordia.edu.ua,Ректор,Романовський Олександр Олексійович,,
"Приватний заклад вищої освіти ""Академія кіно та нових медіа""",1268,,"ПЗВО ""АКНМ""","Private establishment of higher education ""Film and new media academy""",,2004,33546340,Заклад вищої освіти,Приватна,,02222,8038200000,КИЇВ,Київ,"вул. Закревського, 22",01033,8038200000,КИЇВ,Київ,"вул. Саксаганського, 6",0-800-33-06-33,inem.com.ua@ukr.net,https://fnma.education/,Ректор,Лавріненко Юлія Валеріївна,,
"Приватний заклад вищої освіти ""Арт академія сучасного мистецтва імені Сальвадора Далі""",26,,"ПЗВО ""Арт академія сучасного мистецтва ім. Сальвадора Далі""","Private Institution of Higher Education ""Salvador Dali Academy of Contemporary Art""",,2004,32978839,Заклад вищої освіти,Приватна,,02217,8036400000,КИЇВ,Київ,"вул. Братиславська, 8",02217,8036400000,КИЇВ,Київ,"вул. Братиславська, 8","(067) 218-17-77, (067) 548-17-77",art-dali@ukr.net,http://www.mixmd.edu.ua,Ректор,Фурса Оксана Олександрівна,,
"Приватний заклад вищої освіти ""Київський міжнародний університет""",344,,"ПЗВО ""КИЇВСЬКИЙ МІЖНАРОДНИЙ УНІВЕРСИТЕТ""","Private Institution of Higher Education ""Kyiv International University""",,1994,21595240,Заклад вищої освіти,Приватна,,03179,8038600000,КИЇВ,Київ,"вул. Львівська, 49",03179,8038600000,КИЇВ,Київ,"вул. Львівська, 49",+380(44)-594-03-04,info@kymu.edu.ua,http://kymu.edu.ua/,Президент,Хачатурян Хачатур Володимирович,,
"ПРИВАТНИЙ ЗАКЛАД ВИЩОЇ ОСВІТИ ""МІЖНАРОДНИЙ ЄВРОПЕЙСЬКИЙ УНІВЕРСИТЕТ""",4374,,МІЖНАРОДНИЙ ЄВРОПЕЙСЬКИЙ УНІВЕРСИТЕТ,"PRIVATE HIGHER EDUCATION INSTITUTION ""INTERNATIONAL EUROPEAN UNIVERSITY""",,2019,42947833,Заклад вищої освіти,Приватна,,03187,8036100000,КИЇВ,Київ,"просп. Академіка Глушкова, 42",03187,8036100000,КИЇВ,Київ,"просп. Академіка Глушкова, 42",+38 (044)3380043 (42),rector@ieu.edu.ua,https://www.ieu.edu.ua,Виконуючий обов’язки ректора,Падалка Олег Семенович,,
"Приватний заклад вищої освіти ""Університет Київ""",6439,,"ПЗВО ""УК""",,,,43171747,Заклад вищої освіти,Приватна,,01030,8000000000,КИЇВ,Київ,"вул. Богдана Хмельницького, 30/10",01030,8000000000,КИЇВ,Київ,"вул. Богдана Хмельницького, 30/10",+380(67)-323-93-92,kyivuni@gmail.com,,В.о. ректора,Толстоухов Анатолій Володимирович,,
"Приватний заклад передвищої освіти ""Мистецький коледж імені Сальвадора Далі""",889,,"ПЗПВО ""Мистецький коледж імені Сальвадора Далі""","Private Institution of Pre-higher Education ""Salvador dali Art College""",,1992,30728300,Заклад вищої освіти,Приватна,,04074,8000000000,КИЇВ,Київ,"вул. Бережанська, 5",02156,8036400000,КИЇВ,Київ,"вул. Братиславська, 8","(044) 4951777, 4951776, (067) 218-17-77, (067) 548-17-77",art-dali@ukr.net,www.mixmd.edu.ua,Директор,Фурса Оксана Олександрівна,,
Таврійський національний університет імені В.І.Вернадського,892,,ТНУ ім. В.І.Вернадського,V.I. Vernadsky Taurida National University,так,1918,02070967,Заклад вищої освіти,Державна,Міністерство освіти і науки України,01042,8038200000,КИЇВ,Київ,"вул. І. Кудрі, 33",01135,8039100000,КИЇВ,Київ,"просп. Перемоги, 10",+380(44)-529-05-16,crimea.tnu@gmail.com,www.tnu.edu.ua,Ректор,Бортняк Валерій Анатолійович,,
"Товариство з обмеженою відповідальністю ""Академія адвокатури України""",364,,ААУ,The Academy of Advocacy of Ukraine,так,1995,22928626,Заклад вищої освіти,Приватна,,01032,8000000000,КИЇВ,Київ,"бульв. Тараса Шевченка, 27",01032,8000000000,КИЇВ,Київ,"бульв. Тараса Шевченка, 27",(044) 246-57-88,referent@aau.edu.ua,www.aau.edu.ua,ректор,Варфоломеєва Тетяна Вікторівна,,
"Товариство з обмеженою відповідальністю ""Академія професійного розвитку""",6372,,Академія професійного розвитку,,,,44000345,Заклад вищої освіти,Приватна,,01054,8000000000,КИЇВ,Київ,"вул. Гончара Олеся, 79 кв 19",01054,8000000000,КИЇВ,Київ,"вул. Гончара Олеся, 79 кв 19",095 026 9326,agenciaapro2020@gmail.com,,Президент,Гаркавенко Зоя Олександрівна,,
"Товариство з обмеженою відповідальністю ""Бердянський університет менеджменту і бізнесу""",63,,"ТОВ ""Бердянський університет менеджменту і бізнесу""","""Berdyansk University Of Managementand Business Limited Liability Company""",,1992,22142717,Заклад вищої освіти,Приватна,,03115,8038600000,КИЇВ,Київ,"вул. Академіка Вернадського, 16-в",71100,2310400000,Запорізька область,Бердянськ,"вул. Свободи, 117 А",(06153)46920,bumib@ukr.net,http://bumib.edu.ua,Ректор,Антошкіна Лідія Іванівна,,
"Товариство з обмеженою відповідальністю ""Вищий навчальний заклад ""АМЕРІКАН ЮНІВЕРСІТІ КИЇВ""",5752,,"ТОВ ""ВНЗ ""АМЕРІКАН ЮНІВЕРСІТІ КИЇВ""",,,,43634285,Заклад вищої освіти,Приватна,,02222,8000000000,КИЇВ,Київ,"вул. Драйзера Теодора, 16, кв.29",02222,8000000000,КИЇВ,Київ,"вул. Драйзера Теодора, 16, кв.29",,,,Т.в.о. Віце-Президента,Сухініна Марина Сергіївна,,
"Товариство з обмеженою відповідальністю ""Київський інститут банківської справи""",1372,,"ТОВ ""КІБС""",Limited liability company «Kyiv banking institute»,,1997,24733836,Заклад вищої освіти,Приватна,,04214,8000000000,КИЇВ,Київ,"просп. Оболонський, 34В",01001,8039100000,КИЇВ,Київ,"пров. Шевченка, 12",(044) 290 44 92,kibs_dekanat@ukr.net,www.kibs.kiev.ua,Виконуючий обов`язки ректора,Тутік Лариса Іонівна,2020-05-20,"Увага! З дати блокування суб'єкта освітньої діяльності в ЄДЕБО інформація про нього не підтримується в повному, актуальному та достовірному стані"
"Товариство з обмеженою відповідальністю ""Київський інститут сучасної психології та психотерапії""",1391,,"ТОВ ""Київський інститут сучасної психології та психотерапії""","LLC ""Kiev Institute of Modern Psychology and Psychotherapy""",,2010,37144134,Заклад вищої освіти,Приватна,,01113,8038200000,КИЇВ,Київ,"бульв. Лесі Українки, 26",01113,8038200000,КИЇВ,Київ,"бульв. Лесі Українки, 26",(044) 585-46-78,kispp@i.ua,http://kispp.com,Ректор,Херсонський Борис Григорович,,
"Товариство з обмеженою відповідальністю ""Перший косметологічний коледж""",2895,,"ТОВ ""Перший косметологічний коледж""",,,2000,38963168,Заклад вищої освіти,Приватна,,03022,8036100000,КИЇВ,Київ,"вул. Ломоносова, 18",03022,8036100000,КИЇВ,Київ,"вул. Ломоносова, 18",(044) 2216038; 5288282,medkolledg2@ukr.net,,Директор,Барчукова Тетяна Вікторівна,2018-11-01,"Увага! З дати блокування суб'єкта освітньої діяльності в ЄДЕБО інформація про нього не підтримується в повному, актуальному та достовірному стані"
"Товариство з обмеженою відповідальністю ""Політико-правовий коледж ""АЛСКО""",991,,"ТОВ ""ППК ""АЛСКО""",Private educational establishment of higher learning «Limited Liability Company «Political and Law College «ALSKO»,,1992,19033611,Заклад вищої освіти,Приватна,,04050,8039100000,КИЇВ,Київ,"вул. Юрія Іллєнка, 39",04050,8039100000,КИЇВ,Київ,"вул. Юрія Іллєнка, 39",(044)4836968,alsko-college@ukr.net,www.alsko.com.ua,директор,Оніщенко Наталія Миколаївна,,
"Товариство з обмеженою відповідальністю ""Університет міжнародних інноваційних ідей""",14,,"ТОВ ""УМІІ""",LIMITED LIABILITY COMPANY “UNIVERSITY OF INTERNATIONAL INNOVATIONS”,,1992,13493914,Заклад вищої освіти,Приватна,,03056,8038900000,КИЇВ,Київ,"пров. Ковальський, 19, офіс 139 літера А",03056,8038900000,КИЇВ,Київ,"пров. Ковальський, 19, офіс 139 літера А",(044) 4530093; 4530094;,info@uii.org.ua,uii.education/ua,ректор,Грушко Елла Анатоліївна,,
Українська академія перукарської майстерності та декоративної косметики Київського університету культури,1561,310,Українська академія ПМ ДК КУК,,,2002,26254399,Заклад вищої освіти,Приватна,,01133,8038200000,КИЇВ,Київ,"вул. Євгена Коновальця, 36 Б",01133,8038200000,КИЇВ,Київ,"вул. Євгена Коновальця, 36 Б",(044)2846404; 5853740,kuk_kiev@ukr.net,,,Дихнич Людмила Петрівна,,
Український інститут розвитку фондового ринку,2871,,УІРФР,Ukrainian Stock Market Development Institute,так,1991,13689055,Заклад вищої освіти,Державна,Міністерство освіти і науки України,03057,8039100000,КИЇВ,Київ,"просп. Перемоги, 54/1",03057,8039100000,КИЇВ,Київ,"просп. Перемоги, 54/1",(044) 456 37 56,magistr@usmdi.org,www.usmdi.org,Ректор,Леонов Дмитро Анатолійович,,
Університет штучного інтелекту та цифровізації,5778,,Університет АІ та цифровізації,University of artificial intelligence and digitalization,,,44021632,Заклад вищої освіти,Приватна,,04053,8000000000,КИЇВ,Київ,"вул. Січових Стрільців, 23-А",04053,8000000000,КИЇВ,Київ,"вул. Січових Стрільців, 23-А",+380982009191,ai.of.university@gmail.com,https://ai-university.com.ua/,Ректор,Кушерець Дарина Василівна,,
"Фаховий коледж бізнесу та аналітики Національної академії статистики, обліку та аудиту",1019,67,.,"THE PROFESSIONALS COLLEGE OF BUSINESS AND ANALYTICS OF THE NATIONAL ACADEMY OF STATISTICS, ACCOUNTING AND AUDIT",,1998,20780307,Заклад вищої освіти,Державна,Державна служба статистики України,04107,8039100000,КИЇВ,Київ,"вул. Підгірна, 1",04107,8039100000,КИЇВ,Київ,"вул. Підгірна, 1",+380(44)-484-49-41,info_college@nasoa.edu.ua,http://nasoa.edu.ua.,Т.в.о.директора,Юрченко Олександр Анатолійович,,
Фаховий коледж Київського інституту бізнесу та технологій товариство з обмеженою відповідальністю,1446,289,Фаховий коледж КІБіТ,Professional College of Kyiv Institute of Business and Technology LLC,,2010,37451372,Заклад вищої освіти,Приватна,,04078,8038500000,КИЇВ,Київ,"пров. Зоряний, 1/5",01103,8038200000,КИЇВ,Київ,"вул. Михайла Бойчука, 18-А",(044) 353-42-42; 331-61-90,info@kibit.edu.ua,www.kibit.ua,Директор,Чімишенко Сергій Миколайович,,
